{
  "taskName": "prove-plus-comm",
  "cost": {
    "cumulativeInputTokens": 192240,
    "cumulativeOutputTokens": 8398,
    "cumulativeCacheReadTokens": 53047,
    "cumulativeCacheWriteTokens": 0,
    "cumulativeInputCost": 0.09877235000000001,
    "cumulativeOutputCost": 0.025194000000000008,
    "totalCost": 0.12396635000000002,
    "avgCostPerTurn": 0.003262272368421053,
    "costPerToolCall": 0.0033504418918918924,
    "initialContextTokens": 1500,
    "finalContextTokens": 12412,
    "contextGrowth": 10912
  },
  "context": {
    "peakContext": 12412,
    "finalContext": 12412,
    "avgContext": 6454.921052631579,
    "contextGrowthCurve": [
      1500,
      1608,
      1705,
      1768,
      1960,
      2193,
      2294,
      2487,
      2543,
      2804,
      3391,
      3534,
      3744,
      4076,
      4976,
      5029,
      5149,
      5501,
      5969,
      6145,
      6632,
      6794,
      7971,
      8015,
      8641,
      8879,
      8992,
      9068,
      9759,
      9932,
      10207,
      10835,
      11024,
      11444,
      11939,
      12136,
      12231,
      12412
    ],
    "cacheHitRate": 0.2162650283137712,
    "cacheUtilizationCurve": [
      0,
      0,
      0,
      0,
      0,
      0.8914728682170543,
      0.8504795117698344,
      0.7840772014475271,
      0.7648446716476602,
      0.6943651925820257,
      0,
      0.553763440860215,
      0.5227029914529915,
      0.4806182531894014,
      0.7922025723472669,
      0.7826605687015311,
      0.7636434259079433,
      0.7153244864570079,
      0.6602445970849389,
      0.9615947925142392,
      0.892189384800965,
      0.8704739476008243,
      0,
      0,
      0,
      0,
      0,
      0,
      0,
      0,
      0,
      0,
      0,
      0,
      0,
      0,
      0,
      0
    ]
  },
  "tools": {
    "toolCounts": {
      "ls": 6,
      "find": 2,
      "read": 8,
      "grep": 1,
      "bash": 15,
      "write": 4,
      "edit": 1
    },
    "toolErrors": {
      "read": 1,
      "bash": 1
    },
    "totalToolCalls": 37,
    "totalToolErrors": 2,
    "firstTool": "ls",
    "lastTool": "read",
    "sequences2": {
      "ls -> find": 1,
      "find -> ls": 1,
      "ls -> read": 3,
      "read -> read": 1,
      "read -> ls": 1,
      "read -> find": 1,
      "find -> read": 1,
      "read -> grep": 1,
      "grep -> bash": 1,
      "bash -> bash": 8,
      "bash -> write": 1,
      "write -> write": 1,
      "write -> bash": 3,
      "bash -> edit": 1,
      "edit -> read": 1,
      "read -> bash": 2,
      "bash -> ls": 3,
      "ls -> write": 1,
      "ls -> bash": 1,
      "bash -> read": 2,
      "read -> write": 1
    },
    "sequences3": {
      "ls -> find -> ls": 1,
      "find -> ls -> read": 1,
      "ls -> read -> read": 1,
      "read -> read -> ls": 1,
      "read -> ls -> read": 1,
      "ls -> read -> find": 1,
      "read -> find -> read": 1,
      "find -> read -> grep": 1,
      "read -> grep -> bash": 1,
      "grep -> bash -> bash": 1,
      "bash -> bash -> write": 1,
      "bash -> write -> write": 1,
      "write -> write -> bash": 1,
      "write -> bash -> bash": 2,
      "bash -> bash -> bash": 3,
      "bash -> bash -> edit": 1,
      "bash -> edit -> read": 1,
      "edit -> read -> bash": 1,
      "read -> bash -> ls": 1,
      "bash -> ls -> write": 1,
      "ls -> write -> bash": 1,
      "bash -> bash -> ls": 1,
      "bash -> ls -> bash": 1,
      "ls -> bash -> bash": 1,
      "bash -> bash -> read": 2,
      "bash -> read -> write": 1,
      "read -> write -> bash": 1,
      "write -> bash -> ls": 1,
      "bash -> ls -> read": 1,
      "ls -> read -> bash": 1,
      "read -> bash -> bash": 1
    },
    "consecutiveRepeats": 10,
    "transitionCounts": {
      "ls": {
        "find": 1,
        "read": 3,
        "write": 1,
        "bash": 1
      },
      "find": {
        "ls": 1,
        "read": 1
      },
      "read": {
        "read": 1,
        "ls": 1,
        "find": 1,
        "grep": 1,
        "bash": 2,
        "write": 1
      },
      "grep": {
        "bash": 1
      },
      "bash": {
        "bash": 8,
        "write": 1,
        "edit": 1,
        "ls": 3,
        "read": 2
      },
      "write": {
        "write": 1,
        "bash": 3
      },
      "edit": {
        "read": 1
      }
    },
    "errorRate": 0.05405405405405406,
    "avgToolCallsPerTurn": 0.9736842105263158,
    "toolCallsPerTurn": [
      1,
      1,
      1,
      1,
      1,
      1,
      1,
      1,
      1,
      1,
      1,
      1,
      1,
      1,
      1,
      1,
      1,
      1,
      1,
      1,
      1,
      1,
      1,
      1,
      1,
      1,
      1,
      1,
      1,
      1,
      1,
      1,
      1,
      1,
      1,
      1,
      1,
      0
    ]
  },
  "errors": {
    "totalErrors": 2,
    "errorRate": 0.05405405405405406,
    "errorsByTool": {
      "read": 1,
      "bash": 1
    },
    "errorRecoveryPatterns": {
      "read": [
        "find"
      ],
      "bash": [
        "bash"
      ]
    },
    "maxConsecutiveErrors": 1,
    "errorsPerTurn": []
  },
  "efficiency": {
    "totalEdits": 1,
    "editsWithPriorRead": 0,
    "readBeforeEditRate": 0,
    "totalWrites": 4,
    "writesWithPriorRead": 2,
    "readBeforeWriteRate": 0.5,
    "grepBeforeReadCount": 0,
    "findBeforeReadCount": 1,
    "explorationCalls": 17,
    "executionCalls": 20,
    "explorationRatio": 0.4594594594594595
  },
  "patterns": {
    "uniqueFilesRead": [
      "environment/partial_proof.v",
      "instruction.md",
      "task.toml",
      "plus_comm.v",
      "solution/solve.sh",
      "tests/test_outputs.py"
    ],
    "uniqueFilesWritten": [
      "plus_comm.v",
      "check_lemmas.v"
    ],
    "uniqueFilesEdited": [
      "plus_comm.v"
    ],
    "totalFilesAccessed": 7,
    "fileAccessSequence": [
      {
        "file": "environment/partial_proof.v",
        "operation": "read"
      },
      {
        "file": "instruction.md",
        "operation": "read"
      },
      {
        "file": "task.toml",
        "operation": "read"
      },
      {
        "file": "plus_comm.v",
        "operation": "write"
      },
      {
        "file": "check_lemmas.v",
        "operation": "write"
      },
      {
        "file": "plus_comm.v",
        "operation": "edit"
      },
      {
        "file": "plus_comm.v",
        "operation": "read"
      },
      {
        "file": "plus_comm.v",
        "operation": "write"
      },
      {
        "file": "solution/solve.sh",
        "operation": "read"
      },
      {
        "file": "plus_comm.v",
        "operation": "write"
      },
      {
        "file": "tests/test_outputs.py",
        "operation": "read"
      },
      {
        "file": "plus_comm.v",
        "operation": "read"
      }
    ],
    "bashCommands": [
      "ls -la /workspace/plus_comm.v",
      "pwd",
      "coqc check_lemmas.v",
      "echo \"Require Import Arith. Search plus_n_O. Search plus_n_Sm.\" | coqtop",
      "echo \"Require Import Arith. Print plus_n_O. Print plus_n_Sm.\" | coqtop",
      "coqc plus_comm.v",
      "coqc plus_comm.v",
      "echo \"Require Import Arith. Check plus_n_O. Check plus_n_Sm.\" | coqtop",
      "rm check_lemmas.* .check_lemmas.aux .plus_comm.aux plus_comm.glob plus_comm.vok plus_comm.vos",
      "coqc plus_comm.v",
      "echo \"Require Import Arith. Check plus_comm.\" | coqtop",
      "coqc plus_comm.v",
      "coqc plus_comm.v",
      "rm plus_comm.glob plus_comm.vok plus_comm.vos .plus_comm.aux",
      "coqc plus_comm.v"
    ],
    "uniqueBashCommands": 10
  },
  "turns": {
    "totalTurns": 38,
    "avgOutputTokensPerTurn": 221,
    "avgInputTokensPerTurn": 6454.921052631579,