{
  "taskName": "overfull-hbox",
  "cost": {
    "cumulativeInputTokens": 171879,
    "cumulativeOutputTokens": 13315,
    "cumulativeCacheReadTokens": 191273,
    "cumulativeCacheWriteTokens": 0,
    "cumulativeInputCost": 0.09550315000000001,
    "cumulativeOutputCost": 0.039944999999999994,
    "totalCost": 0.13544815000000002,
    "avgCostPerTurn": 0.004369295161290323,
    "costPerToolCall": 0.004514938333333334,
    "initialContextTokens": 1444,
    "finalContextTokens": 23758,
    "contextGrowth": 22314
  },
  "context": {
    "peakContext": 23758,
    "finalContext": 23758,
    "avgContext": 11714.58064516129,
    "contextGrowthCurve": [
      1444,
      1543,
      1721,
      2946,
      4325,
      4806,
      4884,
      5122,
      5195,
      5545,
      5638,
      7343,
      11178,
      11285,
      11477,
      11618,
      12080,
      12419,
      14489,
      16495,
      16620,
      16805,
      16892,
      17333,
      18402,
      18780,
      18849,
      19612,
      21465,
      23083,
      23758
    ],
    "cacheHitRate": 0.5267023174868926,
    "cacheUtilizationCurve": [
      0,
      0,
      0,
      0,
      0.46335260115606935,
      0.8341656263004578,
      0.8194103194103194,
      0.7807497071456462,
      0.768623676612127,
      0.7199278629395852,
      0.7071656615821214,
      0.5455535884515865,
      0,
      0,
      0,
      0,
      0,
      0,
      0,
      0,
      0.9709386281588448,
      0.9598333829217495,
      0.954416291735733,
      0.929960191542145,
      0,
      0.8585197018104367,
      0.8549525173749271,
      0.8217927799306547,
      0.7515490333100396,
      0.699345838929082,
      0.6794763869012543
    ]
  },
  "tools": {
    "toolCounts": {
      "ls": 1,
      "read": 6,
      "bash": 14,
      "edit": 9
    },
    "toolErrors": {
      "bash": 6
    },
    "totalToolCalls": 30,
    "totalToolErrors": 6,
    "firstTool": "ls",
    "lastTool": "bash",
    "sequences2": {
      "ls -> read": 1,
      "read -> read": 2,
      "read -> bash": 2,
      "bash -> bash": 9,
      "bash -> read": 3,
      "read -> edit": 2,
      "edit -> edit": 6,
      "edit -> bash": 3,
      "bash -> edit": 1
    },
    "sequences3": {
      "ls -> read -> read": 1,
      "read -> read -> read": 1,
      "read -> read -> bash": 1,
      "read -> bash -> bash": 2,
      "bash -> bash -> bash": 5,
      "bash -> bash -> read": 3,
      "bash -> read -> edit": 2,
      "read -> edit -> edit": 2,
      "edit -> edit -> edit": 4,
      "edit -> edit -> bash": 2,
      "edit -> bash -> bash": 2,
      "edit -> bash -> edit": 1,
      "bash -> edit -> bash": 1,
      "bash -> read -> bash": 1
    },
    "consecutiveRepeats": 17,
    "transitionCounts": {
      "ls": {
        "read": 1
      },
      "read": {
        "read": 2,
        "bash": 2,
        "edit": 2
      },
      "bash": {
        "bash": 9,
        "read": 3,
        "edit": 1
      },
      "edit": {
        "edit": 6,
        "bash": 3
      }
    },
    "errorRate": 0.2,
    "avgToolCallsPerTurn": 0.967741935483871,
    "toolCallsPerTurn": [
      1,
      1,
      1,
      1,
      1,
      1,
      1,
      1,
      1,
      1,
      1,
      1,
      1,
      1,
      1,
      1,
      1,
      1,
      1,
      1,
      1,
      1,
      1,
      1,
      1,
      1,
      1,
      1,
      1,
      1,
      0
    ]
  },
  "errors": {
    "totalErrors": 6,
    "errorRate": 0.2,
    "errorsByTool": {
      "bash": 6
    },
    "errorRecoveryPatterns": {
      "bash": [
        "bash",
        "bash",
        "read",
        "bash",
        "read",
        "bash"
      ]
    },
    "maxConsecutiveErrors": 2,
    "errorsPerTurn": []
  },
  "efficiency": {
    "totalEdits": 9,
    "editsWithPriorRead": 9,
    "readBeforeEditRate": 1,
    "totalWrites": 0,
    "writesWithPriorRead": 0,
    "readBeforeWriteRate": 1,
    "grepBeforeReadCount": 0,
    "findBeforeReadCount": 0,
    "explorationCalls": 7,
    "executionCalls": 23,
    "explorationRatio": 0.23333333333333334
  },
  "patterns": {
    "uniqueFilesRead": [
      "main.tex",
      "input.tex",
      "synonyms.txt",
      "main.log"
    ],
    "uniqueFilesWritten": [],
    "uniqueFilesEdited": [
      "input.tex"
    ],
    "totalFilesAccessed": 4,
    "fileAccessSequence": [
      {
        "file": "main.tex",
        "operation": "read"
      },
      {
        "file": "input.tex",
        "operation": "read"
      },
      {
        "file": "synonyms.txt",
        "operation": "read"
      },
      {
        "file": "main.log",
        "operation": "read"
      },
      {
        "file": "input.tex",
        "operation": "edit"
      },
      {
        "file": "input.tex",
        "operation": "edit"
      },
      {
        "file": "input.tex",
        "operation": "edit"
      },
      {
        "file": "input.tex",
        "operation": "edit"
      },
      {
        "file": "synonyms.txt",
        "operation": "read"
      },
      {
        "file": "input.tex",
        "operation": "edit"
      },
      {
        "file": "input.tex",
        "operation": "edit"
      },
      {
        "file": "input.tex",
        "operation": "edit"
      },
      {
        "file": "input.tex",
        "operation": "edit"
      },
      {
        "file": "input.tex",
        "operation": "edit"
      },
      {
        "file": "input.tex",
        "operation": "read"
      }
    ],
    "bashCommands": [
      "pdflatex main.tex",
      "grep -n \"Overfull \\\\hbox\" main.log",
      "grep \"Overfull\" main.log",
      "grep -A 3 \"Overfull \\\\hbox\" main.log",
      "grep -C 2 \"Overfull\" main.log",
      "grep -B 1 -A 2 \"Overfull \\\\hbox\" main.log",
      "pdflatex main.tex",
      "grep \"Overfull\" main.log",
      "pdflatex main.tex",
      "pdflatex main.tex",
      "grep \"Overfull\" main.log",
      "grep \"Underfull\" main.log",
      "pdflatex main.tex && grep \"Overfull\" main.log",
      "tail -n 20 main.log"
    ],
    "uniqueBashCommands": 9
  },
  "turns": {
    "totalTurns": 31,
    "avgOutputTokensPerTurn": 429.51612903225805,
    "avgInputTokensPerTurn": 11714.58064516129,
    "outputTokensPerTurn": [
      71,
      49,
      74,
      29,
      64,
      51,
      44,
      46,
      55,
      67,
      83,
      3800,
      72,
      157,
      106,
      33,
      197,
      720,
      1971,
      90,
      148,
      52,
      27,
      1034,
      28,
      42,
      736,
      707,
      1262,
      252,
      1248
    ],
    "inputTokensPerTurn": [
      1444,
      1543,
      1721,
      2946,
      4325,
      4806,
      4884,
      5122,
      5195,
      5545,
      5638,
      7343,
      11178,
      11285,
      11477,
      11618,
      12080,
      12419,
      14489,
      16495,
      16620,
      16805,
      16892,
      17333,
      18402,
      18780,
      18849,
      19612,
      21465,
      23083,
      23758
    ],
    "toolCallsPerTurn": [
      1,
      1,
      1,
      1,
      1,
      1,
      1,
      1,
      1,
      1,
      1,
      1,
      1,
      1,
      1,
      1,
      1,
      1,
      1,
      1,
      1,
      1,
      1,
      1,
      1,
      1,
      1,
      1,
      1,
      1,
      0
    ],
    "turnDetails": [
      {
        "turnIndex": 0,
        "inputTokens": 1444,
        "outputTokens": 71,
        "cacheReadTokens": 0,
        "toolCalls": [
          "ls"
        ],
        "hadError": false,
        "duration": 1949,
        "stopReason": "toolUse"
      },
      {
        "turnIndex": 1,
        "inputTokens": 1543,
        "outputTokens": 49,
        "cacheReadTokens": 0,
        "toolCalls": [
          "read"
        ],
        "hadError": false,
        "duration": 1460,
        "stopReason": "toolUse"
      },
      {
        "turnIndex": 2,
        "inputTokens": 1721,
        "outputTokens": 74,
        "cacheReadTokens": 0,
        "toolCalls": [
          "read"
        ],