{
  "taskName": "fix-git",
  "cost": {
    "cumulativeInputTokens": 52639,
    "cumulativeOutputTokens": 3123,
    "cumulativeCacheReadTokens": 61004,
    "cumulativeCacheWriteTokens": 0,
    "cumulativeInputCost": 0.0293697,
    "cumulativeOutputCost": 0.009369000000000002,
    "totalCost": 0.0387387,
    "avgCostPerTurn": 0.00148995,
    "costPerToolCall": 0.001549548,
    "initialContextTokens": 1401,
    "finalContextTokens": 8048,
    "contextGrowth": 6647
  },
  "context": {
    "peakContext": 8048,
    "finalContext": 8048,
    "avgContext": 4370.884615384615,
    "contextGrowthCurve": [
      1401,
      1528,
      1595,
      1666,
      1763,
      2034,
      2371,
      2563,
      3042,
      3496,
      3643,
      3959,
      4155,
      4648,
      4732,
      4885,
      5033,
      5249,
      5407,
      5708,
      6889,
      6984,
      7155,
      7700,
      7989,
      8048
    ],
    "cacheHitRate": 0.5368038506551217,
    "cacheUtilizationCurve": [
      0,
      0,
      0,
      0,
      0,
      0,
      0,
      0.7619976589933671,
      0.6446416831032216,
      0.5623569794050344,
      0,
      0.49659004799191714,
      0.9460890493381469,
      0.8476764199655766,
      0.8313609467455622,
      0.8047082906857728,
      0.7804490363600238,
      0.7483330158125358,
      0.7260958017384872,
      0.6881569726699369,
      0.5733778487443751,
      0.847651775486827,
      0.826974143955276,
      0.7694805194805194,
      0,
      0
    ]
  },
  "tools": {
    "toolCounts": {
      "bash": 20,
      "ls": 1,
      "read": 3,
      "write": 1
    },
    "toolErrors": {
      "bash": 2
    },
    "totalToolCalls": 25,
    "totalToolErrors": 2,
    "firstTool": "bash",
    "lastTool": "bash",
    "sequences2": {
      "bash -> ls": 1,
      "ls -> bash": 1,
      "bash -> bash": 14,
      "bash -> read": 3,
      "read -> bash": 3,
      "bash -> write": 1,
      "write -> bash": 1
    },
    "sequences3": {
      "bash -> ls -> bash": 1,
      "ls -> bash -> bash": 1,
      "bash -> bash -> bash": 10,
      "bash -> bash -> read": 3,
      "bash -> read -> bash": 3,
      "read -> bash -> write": 1,
      "bash -> write -> bash": 1,
      "write -> bash -> bash": 1,
      "read -> bash -> bash": 2
    },
    "consecutiveRepeats": 14,
    "transitionCounts": {
      "bash": {
        "ls": 1,
        "bash": 14,
        "read": 3,
        "write": 1
      },
      "ls": {
        "bash": 1
      },
      "read": {
        "bash": 3
      },
      "write": {
        "bash": 1
      }
    },
    "errorRate": 0.08,
    "avgToolCallsPerTurn": 0.9615384615384616,
    "toolCallsPerTurn": [
      1,
      1,
      1,
      1,
      1,
      1,
      1,
      1,
      1,
      1,
      1,
      1,
      1,
      1,
      1,
      1,
      1,
      1,
      1,
      1,
      1,
      1,
      1,
      1,
      1,
      0
    ]
  },
  "errors": {
    "totalErrors": 2,
    "errorRate": 0.08,
    "errorsByTool": {
      "bash": 2
    },
    "errorRecoveryPatterns": {
      "bash": [
        "ls",
        "read"
      ]
    },
    "maxConsecutiveErrors": 1,
    "errorsPerTurn": []
  },
  "efficiency": {
    "totalEdits": 0,
    "editsWithPriorRead": 0,
    "readBeforeEditRate": 1,
    "totalWrites": 1,
    "writesWithPriorRead": 1,
    "readBeforeWriteRate": 1,
    "grepBeforeReadCount": 0,
    "findBeforeReadCount": 0,
    "explorationCalls": 4,
    "executionCalls": 21,
    "explorationRatio": 0.16
  },
  "patterns": {
    "uniqueFilesRead": [
      "personal-site/_includes/about.md"
    ],
    "uniqueFilesWritten": [
      "personal-site/_includes/about.md"
    ],
    "uniqueFilesEdited": [],
    "totalFilesAccessed": 1,
    "fileAccessSequence": [
      {
        "file": "personal-site/_includes/about.md",
        "operation": "read"
      },
      {
        "file": "personal-site/_includes/about.md",
        "operation": "write"
      },
      {
        "file": "personal-site/_includes/about.md",
        "operation": "read"
      },
      {
        "file": "personal-site/_includes/about.md",
        "operation": "read"
      }
    ],
    "bashCommands": [
      "git branch -a",
      "cd personal-site && git branch -a",
      "cd personal-site && git branch -a",
      "cd personal-site && git reflog",
      "cd personal-site && git show 72039bb",
      "cd personal-site && git show 72039bb --stat",
      "cd personal-site && git log -n 5 master",
      "cd personal-site && git show d7d3e4b --stat",
      "cd personal-site && git merge 72039bb",
      "cd personal-site && git status",
      "cd personal-site && git add _includes/about.md && git commit -m \"Merge Stanford changes and resolve conflict\"",
      "cd personal-site && git log -n 1",
      "cd personal-site && git show HEAD~1:_includes/about.md",
      "cd personal-site && git show 72039bb:_includes/about.md",
      "cd personal-site && git show 72039bb -- _layouts/default.html",
      "cd personal-site && git show 72039bb -- _layouts/default.html",
      "cd personal-site && grep \"Postdoc @ Stanford\" _layouts/default.html",
      "cd personal-site && git show d7d3e4b:_includes/about.md",
      "cd personal-site && git status",
      "cd personal-site && git stash list"
    ],
    "uniqueBashCommands": 17
  },
  "turns": {
    "totalTurns": 26,
    "avgOutputTokensPerTurn": 120.11538461538461,
    "avgInputTokensPerTurn": 4370.884615384615,
    "outputTokensPerTurn": [
      86,
      40,
      52,
      78,
      109,
      111,
      48,
      136,
      324,
      87,
      49,
      94,
      460,
      51,
      35,
      47,
      51,
      58,
      78,
      59,
      73,
      70,
      380,
      261,
      39,
      247
    ],
    "inputTokensPerTurn": [
      1401,
      1528,
      1595,
      1666,
      1763,
      2034,
      2371,
      2563,
      3042,
      3496,
      3643,
      3959,
      4155,
      4648,
      4732,
      4885,
      5033,
      5249,
      5407,
      5708,
      6889,
      6984,
      7155,
      7700,
      7989,
      8048
    ],
    "toolCallsPerTurn": [
      1,
      1,
      1,
      1,
      1,
      1,
      1,
      1,
      1,
      1,
      1,
      1,
      1,
      1,
      1,
      1,
      1,
      1,
      1,
      1,
      1,
      1,
      1,
      1,
      1,
      0
    ],
    "turnDetails": [
      {
        "turnIndex": 0,
        "inputTokens": 1401,
        "outputTokens": 86,
        "cacheReadTokens": 0,
        "toolCalls": [
          "bash"
        ],
        "hadError": false,
        "duration": 2031,
        "stopReason": "toolUse"
      },
      {
        "turnIndex": 1,
        "inputTokens": 1528,
        "outputTokens": 40,
        "cacheReadTokens": 0,
        "toolCalls": [
          "ls"
        ],
        "hadError": false,
        "duration": 1235,
        "stopReason": "toolUse"
      },
      {
        "turnIndex": 2,
        "inputTokens": 1595,
        "outputTokens": 52,
        "cacheReadTokens": 0,
        "toolCalls": [
          "bash"
        ],
        "hadError": false,
        "duration": 1562,
        "stopReason": "toolUse"
      },
      {
        "turnIndex": 3,
        "inputTokens": 1666,
        "outputTokens": 78,
        "cacheReadTokens": 0,
        "toolCalls": [
          "bash"
        ],
        "hadError": false,
        "duration": 1617,
        "stopReason": "toolUse"
      },
      {
        "turnIndex": 4,
        "inputTokens": 1763,
        "outputTokens": 109,
        "cacheReadTokens": 0,
        "toolCalls": [
          "bash"
        ],
        "hadError": false,
        "duration": 1711,
        "stopReason": "toolUse"
      },
      {
        "turnIndex": 5,
        "inputTokens": 2034,
        "outputTokens": 111,
        "cacheReadTokens": 0,
        "toolCalls": [
          "bash"
        ],
        "hadError": false,
        "duration": 1720,
        "stopReason": "toolUse"
      },
      {
        "turnIndex": 6,