{
  "taskName": "overfull-hbox",
  "cost": {
    "cumulativeInputTokens": 245298,
    "cumulativeOutputTokens": 11877,
    "cumulativeCacheReadTokens": 186758,
    "cumulativeCacheWriteTokens": 0,
    "cumulativeInputCost": 0.1319869,
    "cumulativeOutputCost": 0.035631,
    "totalCost": 0.1676179,
    "avgCostPerTurn": 0.004656052777777777,
    "costPerToolCall": 0.004789082857142857,
    "initialContextTokens": 1444,
    "finalContextTokens": 21165,
    "contextGrowth": 19721
  },
  "context": {
    "peakContext": 21165,
    "finalContext": 21165,
    "avgContext": 12001.555555555555,
    "contextGrowthCurve": [
      1444,
      1543,
      1711,
      2884,
      4259,
      4769,
      5571,
      9554,
      9628,
      9839,
      10041,
      10385,
      10592,
      10884,
      10958,
      11029,
      11098,
      11167,
      11238,
      11309,
      12036,
      14594,
      15782,
      16043,
      16113,
      16185,
      16256,
      16329,
      16404,
      16854,
      18102,
      18491,
      18560,
      18691,
      20548,
      21165
    ],
    "cacheHitRate": 0.4322541522395245,
    "cacheUtilizationCurve": [
      0,
      0,
      0,
      0,
      0.47029819206386475,
      0.8404277626336758,
      0.7203374618560402,
      0,
      0,
      0,
      0,
      0,
      0,
      0,
      0,
      0,
      0,
      0,
      0,
      0,
      0,
      0,
      0,
      0,
      0,
      0.993574297188755,
      0.9887426181102362,
      0.9838324453426419,
      0.978846622774933,
      0.9526521893912424,
      0.8876919677383714,
      0.8689091990698178,
      0.865301724137931,
      0.8589160558557595,
      0.782314580494452,
      0.7596031183557761
    ]
  },
  "tools": {
    "toolCounts": {
      "ls": 1,
      "read": 5,
      "bash": 8,
      "grep": 7,
      "edit": 14
    },
    "toolErrors": {
      "bash": 2
    },
    "totalToolCalls": 35,
    "totalToolErrors": 2,
    "firstTool": "ls",
    "lastTool": "read",
    "sequences2": {
      "ls -> read": 1,
      "read -> read": 2,
      "read -> bash": 1,
      "bash -> bash": 4,
      "bash -> grep": 2,
      "grep -> grep": 5,
      "grep -> edit": 1,
      "edit -> edit": 11,
      "edit -> bash": 3,
      "grep -> read": 1,
      "read -> edit": 1,
      "bash -> edit": 1,
      "bash -> read": 1
    },
    "sequences3": {
      "ls -> read -> read": 1,
      "read -> read -> read": 1,
      "read -> read -> bash": 1,
      "read -> bash -> bash": 1,
      "bash -> bash -> grep": 1,
      "bash -> grep -> grep": 1,
      "grep -> grep -> grep": 4,
      "grep -> grep -> edit": 1,
      "grep -> edit -> edit": 1,
      "edit -> edit -> edit": 9,
      "edit -> edit -> bash": 2,
      "edit -> bash -> grep": 1,
      "bash -> grep -> read": 1,
      "grep -> read -> edit": 1,
      "read -> edit -> edit": 1,
      "edit -> bash -> edit": 1,
      "bash -> edit -> bash": 1,
      "edit -> bash -> bash": 1,
      "bash -> bash -> bash": 2,
      "bash -> bash -> read": 1
    },
    "consecutiveRepeats": 22,
    "transitionCounts": {
      "ls": {
        "read": 1
      },
      "read": {
        "read": 2,
        "bash": 1,
        "edit": 1
      },
      "bash": {
        "bash": 4,
        "grep": 2,
        "edit": 1,
        "read": 1
      },
      "grep": {
        "grep": 5,
        "edit": 1,
        "read": 1
      },
      "edit": {
        "edit": 11,
        "bash": 3
      }
    },
    "errorRate": 0.05714285714285714,
    "avgToolCallsPerTurn": 0.9722222222222222,
    "toolCallsPerTurn": [
      1,
      1,
      1,
      1,
      1,
      1,
      1,
      1,
      1,
      1,
      1,
      1,
      1,
      1,
      1,
      1,
      1,
      1,
      1,
      1,
      1,
      1,
      1,
      1,
      1,
      1,
      1,
      1,
      1,
      1,
      1,
      1,
      1,
      1,
      1,
      0
    ]
  },
  "errors": {
    "totalErrors": 2,
    "errorRate": 0.05714285714285714,
    "errorsByTool": {
      "bash": 2
    },
    "errorRecoveryPatterns": {
      "bash": [
        "bash",
        "bash"
      ]
    },
    "maxConsecutiveErrors": 2,
    "errorsPerTurn": []
  },
  "efficiency": {
    "totalEdits": 14,
    "editsWithPriorRead": 14,
    "readBeforeEditRate": 1,
    "totalWrites": 0,
    "writesWithPriorRead": 0,
    "readBeforeWriteRate": 1,
    "grepBeforeReadCount": 1,
    "findBeforeReadCount": 0,
    "explorationCalls": 13,
    "executionCalls": 22,
    "explorationRatio": 0.37142857142857144
  },
  "patterns": {
    "uniqueFilesRead": [
      "main.tex",
      "input.tex",
      "synonyms.txt"
    ],
    "uniqueFilesWritten": [],
    "uniqueFilesEdited": [
      "input.tex"
    ],
    "totalFilesAccessed": 3,
    "fileAccessSequence": [
      {
        "file": "main.tex",
        "operation": "read"
      },
      {
        "file": "input.tex",
        "operation": "read"
      },
      {
        "file": "synonyms.txt",
        "operation": "read"
      },
      {
        "file": "input.tex",
        "operation": "edit"
      },
      {
        "file": "input.tex",
        "operation": "edit"
      },
      {
        "file": "input.tex",
        "operation": "edit"
      },
      {
        "file": "input.tex",
        "operation": "edit"
      },
      {
        "file": "input.tex",
        "operation": "edit"
      },
      {
        "file": "input.tex",
        "operation": "edit"
      },
      {
        "file": "input.tex",
        "operation": "edit"
      },
      {
        "file": "input.tex",
        "operation": "read"
      },
      {
        "file": "input.tex",
        "operation": "edit"
      },
      {
        "file": "input.tex",
        "operation": "edit"
      },
      {
        "file": "input.tex",
        "operation": "edit"
      },
      {
        "file": "input.tex",
        "operation": "edit"
      },
      {
        "file": "input.tex",
        "operation": "edit"
      },
      {
        "file": "input.tex",
        "operation": "edit"
      },
      {
        "file": "input.tex",
        "operation": "edit"
      },
      {
        "file": "input.tex",
        "operation": "read"
      }
    ],
    "bashCommands": [
      "pdflatex -interaction=nonstopmode main.tex",
      "pdflatex -interaction=nonstopmode main.tex",
      "pdflatex -interaction=nonstopmode main.tex",
      "pdflatex -interaction=nonstopmode main.tex",
      "pdflatex -interaction=nonstopmode main.tex",
      "grep \"Overfull\" main.log",
      "grep \"Warning\" main.log",
      "pdflatex -interaction=nonstopmode main.tex"
    ],
    "uniqueBashCommands": 3
  },
  "turns": {
    "totalTurns": 36,
    "avgOutputTokensPerTurn": 329.9166666666667,
    "avgInputTokensPerTurn": 12001.555555555555,
    "outputTokensPerTurn": [
      71,
      39,
      22,
      25,
      93,
      57,
      3964,
      55,
      58,
      49,
      186,
      49,
      257,
      39,
      36,
      34,
      34,
      36,
      37,
      48,
      2539,
      38,
      226,
      35,
      37,
      36,
      38,
      40,
      38,
      1213,
      39,
      42,
      104,
      1507,
      377,
      379
    ],
    "inputTokensPerTurn": [
      1444,
      1543,
      1711,
      2884,
      4259,
      4769,
      5571,
      9554,
      9628,
      9839,
      10041,
      10385,
      10592,
      10884,
      10958,
      11029,
      11098,
      11167,
      11238,
      11309,
      12036,
      14594,
      15782,
      16043,
      16113,
      16185,
      16256,
      16329,
      16404,
      16854,
      18102,
      18491,
      18560,
      18691,
      20548,
      21165
    ],